"Company name","Website","City / Location","Segment","What they make","Revenue band (estimate)","Decision-maker","E1: Producer","E1 evidence","E2: Accessible","E2 evidence","C3 rating","C3 evidence","C4 rating","C4 evidence","C5 rating","C5 evidence","C6 rating","C6 evidence","C7 rating","C7 evidence","C8 rating","C8 evidence","Overall Federer score","Band","Overall verdict","Personalization hook"
"Clonz Biotech Pvt. Ltd.","https://www.clonzbio.com","Genome Valley, Hyderabad","Basket A - Specialty biotech","Biosimilar and engineered monoclonal antibodies with in-house biologics R&D and manufacturing.","<30Cr","Experienced biosimilar-focused founding team","PASS","Company states it operates from Genome Valley and focuses on biosimilar therapeutic monoclonal antibodies with manufacturing capability.","PASS","Operations are in Hyderabad, India.","Strong","Focused on monoclonal antibodies and biosimilars rather than generic products.","Strong","Science-led founding team and deep biologics focus indicate strong decision-maker quality.","Strong","Biologics and biosimilars remain strong India and export growth sectors.","Moderate","Active current web presence and facility references are visible; specific revenue-growth numbers are limited publicly.","Strong","State-of-the-art integrated facility with process development and analytical labs indicates systems maturity.","Moderate","Public succession depth is not highly visible in the quick pass.","85","A","Strong fit","Its Genome Valley monoclonal-antibody platform is a strong, specific outreach opener."
"S3V Vascular Technologies Ltd.","https://www.s3vvascular.com","Hyderabad","Basket B - Medical devices / regulated specialty","Drug-eluting stents, vascular scaffolds, and related interventional products.","100-300Cr","Dr. V. Ajit Kumar and leadership team","PASS","Public sources describe S3V as an interventional-device manufacturer with a major Hyderabad facility investment.","PASS","Hyderabad is the operating base and investment location.","Strong","Cardiovascular implants and stents are highly specialized regulated products.","Strong","Founder-led technical leadership is publicly visible.","Strong","Medtech localization and cardiovascular-device demand support the segment.","Strong","Recent facility investment and expansion news are clear growth signals.","Strong","Regulated-device manufacturing and plant investment indicate structured quality systems.","Moderate","Leadership depth exists, though public gen-2 evidence is limited.","90","A","Strong fit","Its new Hyderabad manufacturing investment is a strong first-line personalization hook."
"Rakshit Drugs Pvt. Ltd.","https://rakshitdrugspvtltd.com","Hyderabad","Basket B - Complex APIs / regulated pharma","APIs and intermediates, including erectile-dysfunction and specialty pharma molecules.","100-300Cr","Promoter-led management","PASS","Company highlights API manufacturing and regulated-facility capabilities.","PASS","Hyderabad is the company base and core operating geography.","Strong","Global API leadership claims and regulated-product focus create clear differentiation.","Strong","Founder-led chemical and API manufacturing depth is visible through company positioning.","Strong","Complex APIs benefit from export, regulated-market, and China+1 tailwinds.","Strong","Public positioning as a global leader plus ongoing product-market relevance indicates growth.","Strong","cGMP and regulated API manufacturing imply mature systems.","Moderate","Public succession details are not especially rich.","85","A","Strong fit","Its API leadership in a globally recognized molecule is a memorable outreach hook."
"Metrochem API Pvt. Ltd.","https://metroapi.com","Hyderabad","Basket B - Complex APIs / regulated pharma","Small-molecule APIs, intermediates, and oral-solids related capabilities.","300-500Cr","Promoter-led management team","PASS","Company and public profiles show multiple Hyderabad-linked manufacturing facilities.","PASS","Hyderabad is the main operating hub.","Strong","Multi-plant regulated API capability is differentiated relative to ordinary formulators.","Moderate","Leadership quality appears strong operationally, though individual founder pedigree is less public.","Strong","API manufacturing for export and regulated markets has strong sector tailwinds.","Strong","Public profiles cite multiple facilities and current growth momentum.","Strong","Multi-plant, certification-heavy operations indicate strong systems maturity.","Moderate","Management depth is implied, though succession detail is limited publicly.","84","A","Strong fit","Its multi-plant Hyderabad API footprint signals scale without being a commodity-only player."
"Shodhana Laboratories Ltd.","https://www.shodhana.com","Hyderabad","Basket B - Complex APIs / regulated pharma","Generic and niche APIs for regulated markets.","100-300Cr","Promoter / leadership team with technical orientation","PASS","Company positioning and public sources indicate API production and regulated approvals.","PASS","Hyderabad operations and facilities are clearly visible.","Strong","Regulated API manufacturing with global approvals is differentiated.","Moderate","Technical and operating capability is clear, though individual-founder evidence is thinner.","Strong","Regulated APIs are a strong-growth sector for India.","Strong","Approvals and export orientation create visible growth signals.","Strong","WHO-GMP / regulated-facility discipline strongly suggests systems maturity.","Moderate","Leadership depth appears adequate but not richly documented.","80","A","Strong fit","Its regulated API approval base is a strong personalization angle."
"Pellets Pharma Ltd.","https://pelletspharma.com","Patancheru, Hyderabad","Basket B - Complex APIs / regulated pharma","Modified-release pellets, pellet formulations, and oral drug-delivery solutions.","30-100Cr","S. Pathuru and leadership team","PASS","Company focuses on pellet technology and specialized formulation manufacturing.","PASS","Patancheru / Hyderabad operating base is explicit.","Strong","Pellet technology is more specialized than standard solid-dose manufacturing.","Strong","Founder background and product specialization indicate strong decision-maker quality.","Moderate","The sector has good but not top-tier tailwinds compared with biologics.","Moderate","Operating continuity and product specialization are visible, though hard hiring / expansion signals are lighter.","Strong","Specialized formulation manufacturing and product depth imply structured systems.","Moderate","Some leadership depth is visible, though formal succession evidence is limited.","78","B","Fit","Its pellet-delivery specialization makes it feel more differentiated than a normal formulation player."
"Aizant Drug Research Solutions Pvt. Ltd.","https://www.aizant.com","Hyderabad","Basket B - Regulated pharma / development + manufacturing","Integrated drug-development, clinical, and pharmaceutical manufacturing services.","30-100Cr","Varma Rudraraju / senior pharma leadership","PASS","Aizant publicly combines development services with pharmaceutical manufacturing capability.","PASS","Hyderabad is the operating base.","Moderate","Integrated development plus manufacturing is differentiated, but part of the business is service-heavy.","Strong","Experienced pharma leadership and a recent USFDA milestone support decision-maker quality.","Strong","Drug development and regulated manufacturing remain strong sectors.","Strong","Recent USFDA milestone and visible activity indicate current growth.","Strong","USFDA milestone with zero observations is a strong systems signal.","Moderate","Public succession detail is limited.","78","B","Fit","Its recent USFDA milestone is a strong specific opener."
"Cohance Lifesciences Ltd.","https://cohance.com","Hyderabad","Basket B - Complex APIs / advanced specialty","Specialty APIs, ADC-related chemistry, and CDMO-style advanced chemistry capabilities.","30-100Cr","Science-led founding / leadership team","PASS","Public company descriptions emphasize specialty chemistry and manufacturing capability.","PASS","Hyderabad is a core operating location.","Strong","ADC and advanced chemistry focus is technically differentiated.","Strong","Science-led management is visible in public descriptions.","Strong","Advanced specialty chemistry has strong sector tailwinds.","Moderate","Current growth is visible through market positioning, but not all public metrics are detailed in the quick pass.","Moderate","Systems are implied by technical depth, though direct ERP / ops detail is limited publicly.","Moderate","Succession detail is not especially visible.","77","B","Fit","Its ADC and specialty-chemistry orientation gives you a sharper outreach angle than generic APIs."
"Clearsynth Labs Ltd.","https://www.clearsynth.com","Hyderabad","Basket A / B overlap - Specialty chemicals for life sciences","Reference standards, stable isotopes, impurities, and custom synthesis products.","30-100Cr","Scientist / chemistry-led leadership","PASS","Company publicly manufactures highly specialized chemistry products for pharma and labs.","PASS","Hyderabad base is visible in public profiles.","Strong","Reference standards and isotope chemistry are clearly specialty offerings.","Strong","Chemistry-led business model suggests strong decision-maker quality.","Moderate","Sector tailwinds are solid but narrower than mainstream APIs.","Moderate","Current activity is visible through catalog and market positioning.","Strong","Precision chemistry production implies process maturity and QA discipline.","Moderate","Leadership depth exists but succession evidence is limited.","76","B","Fit","Its stable-isotope and reference-standard focus is a precise, credible personalization hook."
"Sanzyme Biologics Pvt. Ltd.","https://www.sanzymebiologics.com","Hyderabad","Basket A - Specialty biotech","Probiotics, enzymes, fermentation-based ingredients, and allied biologics.","30-100Cr","Promoter-led biotech management","PASS","Company is a biologics / fermentation producer, not a trader.","PASS","Hyderabad operations are public.","Moderate","Fermentation and probiotics are differentiated but less defensible than MAbs or stents.","Moderate","Leadership appears capable, though founder pedigree is less visible in quick public sources.","Strong","Biologics and specialty nutrition / microbiome products have good tailwinds.","Moderate","Company is established and active, though major fresh expansion signals were limited in quick pass.","Moderate","Biologics manufacturing implies process control, though explicit systems references were lighter.","Moderate","Succession evidence was limited publicly.","70","B","Fit","Its fermentation-driven biologics profile is more interesting than ordinary nutraceutical players."
"Krebs Biochemicals & Industries Ltd.","https://www.krebsbiochem.com","Hyderabad","Basket A / B overlap - Specialty biotech / chemicals","Fermentation-based biotech ingredients and pharma-adjacent biochemical products.","10-30Cr","Technical / promoter-led management","PASS","Company operates as a producer in biochemical / fermentation categories.","PASS","Hyderabad-linked operations are public.","Strong","Fermentation-led niche products are differentiated relative to generic pharma.","Moderate","Technical orientation is visible, but public leadership detail is not exceptionally rich.","Moderate","Sector tailwinds are positive but more selective.","Moderate","Company is established and active, though public growth indicators are moderate.","Moderate","Biochemical manufacturing suggests structured operations.","Moderate","Succession detail is limited publicly.","67","B","Fit","Its fermentation capability gives you a clear technical conversation starter."
"Laxai Life Sciences Pvt. Ltd.","https://www.laxai.com","Hyderabad","Basket B - Complex APIs / specialty chemistry","Specialty chemistry, advanced intermediates, and discovery-to-development support with manufacturing linkages.","10-30Cr","Vamsi Maddipatla and leadership team","PASS","Company is positioned around specialty chemistry and development capabilities with Hyderabad base.","PASS","Hyderabad is the HQ and operating center.","Moderate","Advanced chemistry focus is differentiated, though some operations are service-adjacent.","Strong","Leadership is visible and experienced in specialty pharma.","Moderate","Sector tailwinds are good, though business mix is not purely plant-led manufacturing.","Moderate","Current visibility and business continuity are clear; hard expansion data is lighter.","Moderate","Systems are implied but not as explicit as for heavily regulated plant-based peers.","Moderate","Succession evidence is limited publicly.","66","B","Fit","Its specialty-chemistry positioning makes it more credible than a generic CRO pitch."
"Sain Medicaments Pvt. Ltd.","https://www.sainmedicaments.com","Hyderabad","Basket B - Regulated pharma / formulations","OTC medicines, nutraceuticals, tablets, and capsules with export orientation.","30-100Cr","Girish Gupta / promoter-led management","PASS","Company describes its own plant-based pharmaceutical production and export activity.","PASS","Hyderabad is the operating base.","Moderate","Products are more formulation-oriented than deeply niche, so differentiation is moderate.","Moderate","Experienced pharma leadership is visible.","Moderate","Sector is stable, though not as strong as complex biologics or advanced APIs.","Moderate","Export presence and active company profile indicate ongoing growth.","Moderate","Manufacturing plus certification language suggests baseline systems maturity.","Moderate","Public succession detail is limited.","64","B","Fit","Its export footprint gives you a cleaner outreach hook than just saying it makes tablets."
"Sainor Laboratories Pvt. Ltd.","https://www.sainor.com","Hyderabad","Basket B - Complex APIs / specialty chemistry","Organometallics, borane reagents, butyllithium, and API-adjacent specialty chemistry.","10-30Cr","S. Rao Chirukuri / technical leadership","PASS","Company manufactures specialty organometallic and related chemical products.","PASS","Hyderabad base is public.","Strong","Niche organometallic chemistry is highly specialized.","Moderate","Technical founder / leadership orientation is visible, though public systems-building evidence is moderate.","Moderate","Sector tailwinds are solid but narrower than mainstream APIs.","Moderate","Current activity and niche positioning are visible, though hard recent growth metrics are limited.","Moderate","Specialty chemical manufacturing implies process control, though direct systems references are limited.","Moderate","Succession detail is limited publicly.","68","B","Fit","Being a domestic source for difficult organometallic chemistry is a strong outreach angle."
"Sainor Life Sciences Pvt. Ltd.","https://www.sainorlife.com","Hyderabad","Basket B - Complex APIs / specialty pharma","Small-molecule APIs and intermediates for pharma markets.","10-30Cr","Group-led management","PASS","Public descriptions identify the company as a producer of APIs and intermediates.","PASS","Hyderabad operating footprint is public.","Moderate","API manufacturing is differentiated, though less niche than Sainor Labs.","Moderate","Leadership appears capable, though individual-founder detail is limited.","Strong","APIs remain a strong Indian export and regulated-manufacturing sector.","Moderate","Active business continuity is visible, but public expansion specifics are lighter.","Moderate","Manufacturing orientation implies systems, though hard proof is thinner than top names.","Moderate","Succession evidence is limited.","64","B","Fit","Its position within a specialty API-oriented group can be used as a contextual hook."
"Span Life Sciences Pvt. Ltd.","https://spanlifesciences.com","Hyderabad","Basket B - Complex APIs","APIs and related pharmaceutical ingredients for domestic and export markets.","10-30Cr","Promoter-led leadership","PASS","Public sources identify it as an API-focused producer.","PASS","Hyderabad is the company base.","Moderate","API production is valid but product moat is less clear than the strongest names.","Moderate","Leadership looks experienced operationally, though not richly documented.","Strong","API manufacturing remains a strong-growth sector.","Moderate","Business continuity is visible, but strong recent growth markers are limited publicly.","Moderate","Manufacturing focus suggests systems, though specifics are limited.","Moderate","Succession evidence is limited.","62","B","Fit","A Hyderabad API producer is still a usable prospect if you need coverage depth."
"Sai Parenterals Ltd.","https://www.saiparenterals.com","Hyderabad","Basket B - Complex APIs / sterile injectables","Sterile injectable APIs and related life-saving drug products.","30-100Cr","Promoter-led management","PASS","Public coverage and company materials identify sterile drug production and plant capability.","PASS","Hyderabad facility presence is visible.","Strong","Sterile injectables are more differentiated and regulated than ordinary formulations.","Moderate","Leadership detail is not especially rich in public snippets, but operating capability is clear.","Strong","Sterile pharma remains a favorable growth segment.","Strong","Funding and capacity-expansion references are visible in public discussion.","Strong","Sterile production strongly implies quality and process systems.","Moderate","Succession evidence is limited.","76","B","Fit","Its sterile-injectables focus and expansion angle make outreach more personalized."
"Azico Biophore India Pvt. Ltd.","https://www.azicobiophore.com","Hyderabad HQ / Andhra manufacturing link","Basket B - Complex APIs","Active pharmaceutical ingredients and intermediates for global markets.","30-100Cr","Promoter-led management","PASS","Company describes itself as an API manufacturer with cGMP-compliant facilities.","PASS","Hyderabad is the registered / operating base even though facilities extend outside the city.","Moderate","API business is differentiated but not uniquely niche from public materials alone.","Moderate","Management quality appears solid, though individual evidence is limited publicly.","Strong","API export manufacturing is a strong sector.","Moderate","Public description as a fast-growing API company suggests growth, though metrics are limited.","Strong","cGMP-compliant facilities are a strong systems signal.","Moderate","Succession evidence is limited publicly.","68","B","Fit","Its fast-growing API positioning gives you a simple, current opening line."
"Evertogen Life Sciences Ltd.","https://www.evertogen.com","Hyderabad","Basket B - Regulated pharma","Pharmaceutical manufacturing with Hyderabad office and Jadcherla-linked operations.","30-100Cr","Professional leadership bench visible on key-personnel page","PASS","Company operates as a pharma manufacturer, not a trading business.","PASS","Registered office is in Hyderabad and management team is public.","Moderate","Differentiation is present but not very sharply articulated publicly.","Moderate","Key-personnel page shows experienced pharma operators from established firms.","Moderate","Sector is solid, though company moat is less obvious than top picks.","Moderate","Active site and leadership continuity indicate ongoing operations.","Moderate","Professional operating backgrounds imply process maturity.","Moderate","Visible leadership bench helps on depth, though gen-2 evidence is limited.","63","B","Fit","Its experienced pharma operating team is a better hook than generic product messaging."
"Sensa Core Medical Instrumentation Pvt. Ltd.","https://www.sensacore.com","Hyderabad","Basket A / B overlap - Diagnostics / medical instrumentation","POCT devices, electrolyte analyzers, and blood-based diagnostic instrumentation.","100-300Cr","Medical-device leadership team","PASS","Company is a medical-diagnostics device manufacturer with its own facility.","PASS","Hyderabad facility and HQ details are public.","Strong","Diagnostic analyzers and POCT devices are differentiated technical products.","Moderate","Decision-maker quality appears solid, though detailed founder pedigree was not central in quick public sources.","Strong","Diagnostics and biomedical devices have strong growth tailwinds.","Strong","A 2025 investment round is a clear growth signal.","Strong","Manufacturing diagnostics equipment strongly suggests systems maturity.","Weak","PE / majority-stake chatter creates some concern around promoter-driven fit.","63","B","Borderline fit","The recent large investment is a strong hook, but ownership dynamics should be double-checked."
"Sri Krishna Bio Pharma Pvt. Ltd.","","Genome Valley, Hyderabad","Basket A - Specialty biotech","Biotech / chemical-product company linked to the former Clonz Biotech legal entity.","Unknown","Management not clearly surfaced in quick pass","PASS","Company registry and LEI records show an active Hyderabad Genome Valley producer entity.","PASS","Genome Valley Hyderabad address is public.","Moderate","Biotech orientation is promising, but public product clarity is limited.","Weak","Decision-maker details are thin in quick public sources.","Moderate","Sector tailwinds are good, but company-specific story is not fully visible.","Weak","Current public growth signals are limited.","Moderate","Genome Valley operating base suggests genuine infrastructure.","Weak","Leadership-depth evidence is limited.","47","C","Borderline","Needs deeper validation before being used confidently in outreach."
"B&A Health Ltd.","https://www.bnahealthcare.com","Hyderabad","Basket B - Medical devices / specialty healthcare manufacturing","Dialysis catheters and surgical / medical device products.","30-100Cr","Promoter-led family / operating management","PASS","Public company materials position B&A as a manufacturer, not only a marketer.","PASS","Hyderabad-linked operations are public.","Moderate","Catheter manufacturing is specialized but less moated than top biotech names.","Moderate","Leadership appears stable, though deeper pedigree evidence is limited.","Moderate","Sector is stable but not among the most advantaged.","Moderate","Current activity is visible, though major public growth signals are limited.","Moderate","Manufacturing orientation suggests systems but not at top-tier evidence strength.","Moderate","Some management depth is implied, though succession specifics are limited.","60","B","Fit","Its catheter-manufacturing focus makes it more credible than a general distributor pitch."
"Shivashakthi Biotechnologies Ltd.","https://www.shivashakthibiotech.com","Hyderabad-linked management / South India production","Basket A - Specialty biotech / agri-bio","Plant tissue culture, clones, and agri-biotech products.","<30Cr","Agri-science oriented leadership","PASS","Company operates its own tissue-culture and agri-biotech production capability.","PASS","Indian operating footprint is real, though Hyderabad-centrality is weaker than top picks.","Moderate","Tissue-culture production is somewhat differentiated.","Moderate","Technical orientation is visible, though systems-thinking evidence is moderate.","Moderate","Agri-biotech tailwinds exist but are weaker for this specific assignment than pharma / medtech.","Moderate","Company appears active, though strong fresh growth markers are limited.","Moderate","Biotech production implies systems, but hard evidence is thinner.","Weak","Succession visibility is low.","55","C","Borderline","Useful only as a backup if you need broader biotech coverage."
"Virchow Biotech Pvt. Ltd.","https://virchowbiotech.com","Hyderabad","Basket A - Specialty biotech","Plasma products, biologicals, and biopharma manufacturing.","Over 500Cr","Professional leadership in a large biopharma group","PASS","Company has clear in-house biopharma production.","PASS","Hyderabad operations are explicit.","Strong","Biopharma and plasma products are highly technical.","Moderate","Leadership quality appears high, but the company is much larger than the target segment.","Strong","Biopharma is a strong sector.","Strong","Active operations and global footprint indicate ongoing growth.","Strong","WHO-GMP / ISO systems are clearly visible.","Moderate","Leadership depth exists.","0","D","Fail - size","Too large for the assignment's preferred revenue band, but useful as a benchmark for what strong technical depth looks like."
"Sri Krishna Pharmaceuticals Ltd.","https://www.srikrishnapharma.com","Hyderabad","Basket B - Complex APIs / regulated pharma","APIs and first-line treatments for regulated and semi-regulated markets.","Over 500Cr","Established promoter / leadership team","PASS","Clear API manufacturing base and strong operating history.","PASS","Hyderabad base is public.","Strong","API specialization is valid and technically real.","Moderate","Leadership quality is likely solid, but public evidence was not the issue here.","Strong","API exports have strong tailwinds.","Moderate","Business is clearly active.","Strong","Established regulated manufacturing implies mature systems.","Moderate","Leadership depth likely exists.","0","D","Fail - size","Operating revenue appears above the preferred assignment band, so keep it out of the final 25."
